"No","Name","Price","Quantity"
1,"ฝรั่งไร้เมล็ด – เบอร์ใหญ่","0-0","กิโลกรัม"
2,"ชมพู่ทับทิมจันทร์ – เบอร์เล็ก","18-25","กิโลกรัม"
3,"ลิ้นจี่จีน(นอก) – กลาง 16กก (8ตะกร้า*2กก)","530-930","ตะกร้า"
4,"ลิ้นจี่จีน(นอก) – ขายปลีก ตะกร้า (2กก)","400-600","ตะกร้า"
5,"กล้วยหอมห่าม (เข่ง 7 หวี) – เบอร์เล็ก","250-260","เข่ง"
6,"กล้วยเล็บมือนาง ขนาดใหญ่","0-0","หวี"
7,"กล้วยหอมสุก (เข่ง 7 หวี) – เบอร์เล็ก","250-250","เข่ง"
8,"กล้วยหักมุก ขนาดเล็ก","0-0","หวี"
9,"กล้วยหักมุก ขนาดกลาง","0-0","หวี"
10,"ขนุนอ่อน ปอกเปลือก","0-0","กิโลกรัม"
11,"สับปะรดแกง (ศรีราชา) ขนาดกลาง","0-0","กิโลกรัม"
12,"สับปะรดภูแล คละขนาด","0-0","กิโลกรัม"
13,"สับปะรดภูแล ขนาดใหญ่","0-0","กิโลกรัม"
14,"สับปะรดแกง (ศรีราชา) ขนาดใหญ่","0-0","กิโลกรัม"
15,"สับปะรดภูแล ขนาดกลาง","0-0","กิโลกรัม"
16,"องุ่นเขียว ไทย","65-70","กิโลกรัม"
17,"องุ่นดำไทย","0-0","กิโลกรัม"
18,"แตงโมจินตหรา – เบอร์เล็ก","0-0",""
19,"แตงโมแคนาดา – เบอร์ใหญ่","0-0",""
20,"แตงโมจินตหรา – เบอร์กลาง","0-0","ต่อชิ้น/ตัว/หัว/ลูก"
21,"แตงโมสวีทโกลด์ – เบอร์กลาง","0-0",""
22,"แตงโมสวีทโกลด์ – เบอร์ใหญ่","0-0","ต่อชิ้น/ตัว/หัว/ลูก"
23,"แตงโมกินรี คละขนาด","0-0","ต่อชิ้น/ตัว/หัว/ลูก"
24,"แตงโมน้ำผึ้ง(เนื้อเหลือง) – เบอร์ใหญ่","22-24",""
25,"แตงโมน้ำผึ้ง(เนื้อเหลือง) – เบอร์กลาง","0-0",""
26,"แตงโมซอนญ่า – เบอร์เล็ก","12-16",""
27,"แตงโมซอนญ่า – เบอร์ใหญ่","100-130","ต่อชิ้น/ตัว/หัว/ลูก"
28,"แตงโมไดอาน่า – เบอร์กลาง","0-0",""
29,"แตงโมแคนาดา – เบอร์กลาง","0-0",""
30,"แตงโมตอปิโด – เบอร์เล็ก","0-0",""
31,"มะขามหวานสีชมพู – เบอร์ A","60-65",""
32,"มะขามหวานประกายทอง","65-110",""
33,"มะขามเทศสีชมพู ขนาดใหญ่","60-60",""
34,"มะขามหวานขันตรี","90-90",""
35,"มะขามหวาน","0-0","กิโลกรัม"
36,"เมลอน ขนาดกลาง","30-35","กิโลกรัม"
37,"เมลอน พันธุ์ญี่ปุ่น เนื้อเขียว ขนาดกลาง","100-120","กิโลกรัม"
38,"เมลอน พันธุ์ญี่ปุ่น เนื้อส้ม คละขนาด","100-120","กิโลกรัม"
39,"เมลอน พันธุ์ญี่ปุ่น เนื้อเขียว ขนาดเล็ก","100-120","กิโลกรัม"
40,"เมลอน พันธุ์ญี่ปุ่น เนื้อส้ม ขนาดใหญ่","100-120","กิโลกรัม"
41,"เมลอน พันธุ์ไทย เนื้อเขียว ขนาดเล็ก","0-0",""
42,"เมลอน ขนาดใหญ่","45-50","กิโลกรัม"
43,"เมลอน พันธุ์ญี่ปุ่น เนื้อเขียว ขนาดใหญ่","100-120","กิโลกรัม"
44,"มะละกอแขกนวล ขนาดกลาง","0-0","กิโลกรัม"
45,"มะละกอแขกนวล ขนาดจัมโบ้","0-0","กิโลกรัม"
46,"มะละกอแขกดำ ขนาดจัมโบ้","0-0","กิโลกรัม"
47,"มะละกอแขกนวล ขนาดเล็ก","0-0","กิโลกรัม"
48,"มะละกอแขกนวล คละขนาด","0-0","กิโลกรัม"
49,"มะละกอแขกดำ ขนาดใหญ่","0-0","กิโลกรัม"
50,"มะละกอฮอลแลนด์ ขนาดจัมโบ้","0-0","กิโลกรัม"
51,"มะละกอแขกนวล ขนาดใหญ่","0-0","กิโลกรัม"
52,"มะละกอแขกดำ ขนาดกลาง","0-0","กิโลกรัม"
53,"มะละกอแขกดำ ขนาดเล็ก","0-0","กิโลกรัม"
54,"ชมพู่เพชรสายรุ้ง ขนาดเล็ก","0-0","กิโลกรัม"
55,"ชมพู่เพชรสายรุ้ง คละขนาด","0-0","กิโลกรัม"
56,"ชมพู่เขียวอำพัน คละขนาด","0-0","กิโลกรัม"
57,"ชมพู่เพชรสายรุ้ง ขนาดกลาง","0-0","กิโลกรัม"
58,"ชมพู่ทูลเกล้า คละขนาด","0-0","กิโลกรัม"
59,"มะไฟไข่เต่า – เบอร์กลาง","0-0",""
60,"มะไฟไข่เต่า – เบอร์เล็ก","0-0",""
61,"ชมพู่เพชรสายรุ้ง ขนาดใหญ่","0-0","กิโลกรัม"
62,"ชมพู่ทับทิมจันทร์ คละขนาด","0-0","กิโลกรัม"
63,"ชมพู่เพชรสามพราน คละขนาด","0-0","กิโลกรัม"
64,"แก้วมังกร เนื้อขาว (เวียดนาม) คละขนาด","0-0","กิโลกรัม"
65,"แก้วมังกร เนื้อแดง (เวียดนาม) ขนาดกลาง","60-65","กิโลกรัม"
66,"แก้วมังกร เนื้อแดง (เวียดนาม) คละขนาด","0-0","กิโลกรัม"
67,"ส้มโชกุน – เบอร์ 7","0-0",""
68,"ส้มสายน้ำผึ้ง ตราธนาธร – กล่อง 54 ลูก","0-0",""
69,"ส้มซันควิก นิวซีแลนด์ – กล่อง 88 ลูก","0-0",""
70,"ส้มเหนือสายน้ำผึ้ง – เบอร์ 7","42-43",""
71,"ส้มเหนือสายน้ำผึ้ง – เบอร์ 6","31-40",""
72,"ส้มเหนือฟรีมองต์ – เบอร์ 4","0-0",""
73,"ส้มสายน้ำผึ้ง ตราฮันนี่ – กล่อง 54 ลูก","0-0",""
74,"ส้มเหนือสายน้ำผึ้ง – เบอร์ 5","45-50",""
75,"ส้มเหนือฟรีมองต์ – เบอร์ 5","0-0",""
76,"ส้มโชกุน – เบอร์ 3","0-0",""
77,"ส้มโชกุน – เบอร์ 4","0-0",""
78,"ส้มซันคิสท์ (บราซิล)","0-0","กล่อง"
79,"ส้มโชกุน – เบอร์ 6","0-0",""
80,"ส้มซันควิก อเมริกา – กล่อง 64 – 113 ลูก","680-1150",""
81,"ส้มสายน้ำผึ้ง ตราตะวัน – กล่อง 60 ลูก","0-0",""
82,"ส้มสายน้ำผึ้ง ตราธนาธร – กล่อง 60 ลูก","0-0",""
83,"ส้มเหนือสายน้ำผึ้ง – เบอร์ 4","40-45",""
84,"ส้มเหนือนัมเบอร์วัน – เบอร์ 7","0-0",""
85,"ส้มสายน้ำผึ้ง คละขนาด","0-0","กิโลกรัม"
86,"ส้มซันควิก จีน – กล่อง12 – 88 ลูก","450-650",""
87,"ส้มเหนือนัมเบอร์วัน – เบอร์ 6","0-0",""
88,"ส้มเขียวหวาน เบอร์ 4","12-14","กิโลกรัม"
89,"ส้มโชกุน – เบอร์ 5","0-0",""
90,"ส้มสายน้ำผึ้ง ตราตะวัน – กล่อง 54 ลูก","0-0",""
91,"ส้มสายน้ำผึ้ง ตราธนาธร – กล่อง 84 ลูก","0-0",""
92,"ส้มเหนือนัมเบอร์วัน – เบอร์ 5","0-0",""
93,"ส้มเหนือฟรีมองต์ – เบอร์ 7","0-0",""
94,"ส้มเขียวหวาน คละขนาด","0-0","กิโลกรัม"
95,"ส้มซันควิก ออสเตรเลีย กล่อง 64 – 72 ลูก","750-1250",""
96,"ส้มสายน้ำผึ้ง ตราฮันนี่ – กล่อง 60 ลูก","0-0",""
97,"ส้มเหนือนัมเบอร์วัน – เบอร์ 3","0-0",""
98,"ส้มเขียวหวาน เบอร์ 5","8-10","กิโลกรัม"
99,"ส้มเขียวหวาน เบอร์ 000","0-0","กิโลกรัม"
100,"ส้มสายน้ำผึ้ง ตราฮันนี่ – กล่อง 72 ลูก","0-0",""
101,"ส้มสายน้ำผึ้ง ตราตะวัน – กล่อง 72 ลูก","0-0",""
102,"ส้มสายน้ำผึ้ง ตราธนาธร – กล่อง 72 ลูก","0-0",""
103,"ส้มซันควิก บราซิล – กล่อง 15 ลูก","0-0",""
104,"ส้มเหนือนัมเบอร์วัน – เบอร์ 4","0-0",""
105,"ส้มเหนือฟรีมองต์ – เบอร์ 6","0-0",""
106,"ลองกอง (ช่อ) เบอร์ใหญ่","70-80",""
107,"ลองกอง (ช่อ) เบอร์กลาง","60-65",""
108,"ลองกอง (ช่อ) เบอร์เล็ก","35-40",""
109,"สละ – เบอร์ใหญ่","48-50",""
110,"สละ – เบอร์กลาง","36-38",""
111,"สละ – เบอร์เล็ก","36-38",""
112,"สละเนินวงศ์ – ยอด","0-0",""
113,"น้อยหน่า คละขนาด","0-0","กิโลกรัม"
114,"น้อยหน่า ขนาดใหญ่","60-65",""
115,"น้อยหน่าเพชรปากช่อง คละขนาด","38-40","กิโลกรัม"
116,"น้อยหน่า ขนาดเล็ก","45-45",""
117,"สตรอว์เบอร์รี่ (ออสเตรเลีย)","1250-1450","กล่อง"
118,"แอปเปิลวอชิงตัน เบอร์ 216","0-0","กล่อง"
119,"แอปเปิลวอชิงตัน เบอร์ 72","0-0","กล่อง"
120,"แอปเปิลพิงค์เลดี้ เบอร์ 126","830-850","กล่อง"
121,"แอปเปิลเอนวี่ เบอร์ 40","0-0","กล่อง"
122,"แอปเปิลวอชิงตัน เบอร์ 88","0-0","กล่อง"
123,"แอปเปิลวอชิงตัน เบอร์ 100","1540-1750","กล่อง"
124,"แอปเปิลวอชิงตัน เบอร์ 56","0-0","กล่อง"
125,"แอปเปิลแจ๊ส เบอร์ 165","1260-1260","กล่อง"
126,"แอปเปิลแจ๊ส เบอร์ 110","1150-1450","กล่อง"
127,"แอปเปิลเอนวี่ เบอร์ 45","0-0","กล่อง"
128,"แอปเปิลแจ๊ส คละขนาด","1470-1680","กล่อง"
129,"แอปเปิลวอชิงตัน เบอร์ 175","0-0","กล่อง"
130,"แอปเปิลแกรนนี่สมิธ เบอร์ 113","1200-1450","กล่อง"
131,"แอปเปิลโรส เบอร์ 72","0-0","กล่อง"
132,"แอปเปิลวอชิงตัน เบอร์ 198","0-0","กล่อง"
133,"แอปเปิลเอนวี่ เบอร์ 36","0-0","กล่อง"
134,"แอปเปิลโรส เบอร์ 24","0-0","กล่อง"
135,"แอปเปิลพิงค์เลดี้ เบอร์ 135","720-920","กล่อง"
136,"แอปเปิลฉินก้วง เบอร์ 40","320-450","กล่อง"
137,"องุ่นไข่ปลานอก ไร้เมล็ด (ออสเตรเลีย)","0-0","ตะกร้า"
138,"ส้มซันคิสท์ (อเมริกา)","0-0","กล่อง"
139,"ละมุดหวานกรอบ เบอร์เล็ก","8-10",""
140,"แห้วจีน","0-0",""
141,"ละมุดหวานกรอบ เบอร์กลาง","13-15",""
142,"ละมุดมาเลย์ เบอร์กลาง","50-55",""
143,"ละมุดหวานสุก เบอร์กลาง","0-0",""
144,"ละมุดหวานกรอบ เบอร์ใหญ่","16-18",""
145,"ละมุดหวานสุก เบอร์เล็ก","0-0",""
146,"ละมุดหวานสุก เบอร์ใหญ่","0-0",""
147,"ละมุดมาเลย์ เบอร์เล็ก","0-0",""
148,"อินทผลัม อเมริกา – กล่อง 5 กก.","0-0",""
149,"มะพร้าวเผา – เบอร์ใหญ่(ย้ายไปลานฤดูกาล)","0-0",""
150,"มะพร้าวเผา – เบอร์กลาง (ย้ายไปลานฤดูกาล)","0-0",""
151,"เชอร์รี่ ออสเตรเลีย – กล่อง 1 – 9 กก.","0-0",""
152,"เชอร์รี่ แคนาดา – กล่อง 5 – 9 กก.","0-0",""
153,"เชอร์รี่นอก สีแดง (นิวซีแลนด์)","1900-2500","กล่อง"
154,"เชอร์รี่นอก สีทอง (นิวซีแลนด์)","1700-3800","กล่อง"
155,"เชอร์รี่นอก สีทอง (ออสเตรเลีย)","0-0","กล่อง"
156,"เชอร์รี่นอก สีแดง","2200-3000","กล่อง"
157,"เชอร์รี่นอก สีทอง (จีน)","0-0","กล่อง"
158,"เชอร์รี่ อเมริกา – กล่อง 5 – 9 กก.","3500-3800",""
159,"เชอร์รี่ นิวซีแลนด์ – กล่อง 1 – 9 กก.","0-0",""
160,"เชอร์รี่นอก สีแดง (จีน)","0-0","กล่อง"
161,"ทับทิมมรกต 4 A – 5 A","390-530",""
162,"ทับทิมนอก (อิสราเอล)","0-0","กล่อง"
163,"ทับทิมไทย","0-0","กิโลกรัม"
164,"ทับทิม-ตูนีเซีย(จีน) กล่อง-(10 – 12 กก.)","420-450",""
165,"ทับทิม-ตูนีเซีย(ตูนีเซีย) กล่อง-(10 – 12 กก.)","550-630",""
166,"มะกอกฝรั่ง – เบอร์กลาง","0-0","กิโลกรัม"
167,"เม็ดมะม่วงหิมพานต์ ถุงสีน้ำเงิน (จัมโบ้)","0-0",""
168,"ส้มโอขาวแตงกวา ขนาดเล็ก","20-20","กิโลกรัม"
169,"ส้มโอขาวพวง ขนาดเล็ก","0-0",""
170,"ลูกแพร์นอก สีเขียว (เซาท์แอฟริกา)","1450-1600","กล่อง"
171,"ลูกแพร์นอก สีน้ำตาล (เซาท์แอฟริกา)","1450-1600","กล่อง"
172,"ลูกแพร์นอก สีแดง (เซาท์แอฟริกา)","1450-1650","กล่อง"
173,"สาลี่ฮ่องเต้ จีน – คละ","0-0",""
174,"ลูกแพร์นอก สีเขียว (จีน)","0-0","กล่อง"
175,"พุทราสามรส – เบอร์กลาง","17-18","กิโลกรัม"
176,"พุทราสงวนทอง","0-0","กิโลกรัม"
177,"พุทราสาลี่ – เบอร์ใหญ่","0-0",""
178,"พุทราบอมเบย์ – คละไซส์","0-0",""
179,"พุทราสาลี่ – เบอร์เล็ก","0-0",""
180,"พุทรานมสด / สาลี่","0-0","กิโลกรัม"
181,"พุทราอินเดีย","0-0","กิโลกรัม"
182,"พุทราสามรส","0-0","กิโลกรัม"
183,"พุทราสามรส – เบอร์ใหญ่","20-20",""
184,"พุทราสาลี่ – เบอร์กลาง","0-0",""
185,"พุทราสามรส – เบอร์เล็ก","0-0",""
186,"มะปรางหวาน – เบอร์เล็ก","33-45","กิโลกรัม"
187,"มะปรางไข่ – เบอร์ใหญ่","0-0",""
188,"มะปรางไข่ – เบอร์เล็ก","0-0",""
189,"มะปรางไข่ – เบอร์กลาง","0-0",""
190,"พุทราบอมเบย์","0-0","กิโลกรัม"
191,"เม็ดมะม่วงหิมพานต์ ถุงสีเขียว (เล็ก)","0-0",""
192,"เกาลัดนอก (ญี่ปุ่น)","0-0","กล่อง"
193,"เกาลัดนอก (อเมริกา)","0-0","กล่อง"
194,"เกาลัดนอก (จีน)","0-0","กล่อง"
195,"ลูกท้อ (อเมริกา)","2550-3670","กล่อง"
196,"ลูกพลับ (เกาหลี) เบอร์ S","0-0","กล่อง"
197,"ลูกพลับ (ญี่ปุ่น) เบอร์ 2L","1750-2200","กล่อง"
198,"ลูกพลับ (อเมริกา) 10 ลูก/ลัง","0-0","กล่อง"
199,"ลูกพลับ (เกาหลี) เบอร์ 2L","460-480","กล่อง"
200,"ลูกพลับ (อเมริกา) 12 ลูก/ลัง","0-0","กล่อง"
201,"ลูกพลับ (นิวซีแลนด์)","0-0","กล่อง"
202,"ลูกท้อ (ญี่ปุ่น)","0-0","กล่อง"
203,"ลางสาด – เบอร์กลาง","0-0",""
204,"พุทราแห้ง","0-0","กิโลกรัม"
205,"กีวี สีเขียว (อิตาลี)","0-0","กล่อง"
206,"องุ่นดำมีเมล็ด ออสเตรเลีย","0-0",""
207,"ลางสาด – เบอร์ใหญ่","0-0",""
208,"มะพร้าวอ่อน / มะพร้าวน้ำหอม คละขนาด","0-0","ถุง"
209,"มะพร้าวเผา ขนาดจัมโบ้","0-0","ถุง"
210,"อินทผาลัมไทย","80-240","กิโลกรัม"
211,"ลูกแพร์นอก สีเขียว (ออสเตรเลีย)","1480-1570","กล่อง"
212,"แอปเปิ้ลเขียว นิวซีแลนด์ – กล่อง 110 ลูก","1250-1550","กล่อง"
213,"องุ่นแดงนอก","350-570","ตะกร้า"
214,"กล้วยหอมดิบ (เข่ง 7 หวี) – เบอร์เล็ก","100-180","เข่ง"
215,"มะม่วงเขียวมรกต ขนาดเล็ก","18-22",""
216,"สับปะรดห้วยมุ่น ขนาดกลาง","20-33","กิโลกรัม"
217,"สับปะรดห้วยมุ่น ขนาดเล็ก","18-28","กิโลกรัม"
218,"สับปะรดห้วยมุ่น ขนาดใหญ่","25-38","กิโลกรัม"
219,"มะม่วงเขียวเสวย ขนาดเล็ก ดิบ","35-40",""
220,"แอปเปิลเอนวี่ เบอร์ 28","500-550","กล่อง"
221,"แอปเปิลแจ๊ส เบอร์ 120","1250-1350","กล่อง"
222,"ชมพู่ทับทิมจันทร์ – เบอร์กลาง","80-90","กิโลกรัม"
223,"ฝรั่งกิมจู – เบอร์กลาง","53-55","กิโลกรัม"
224,"ชมพู่ทับทิมจันทร์ – เบอร์ใหญ่","130-150","กิโลกรัม"
225,"พุทราซุปเปอร์ – เบอร์กลาง","30-35","กิโลกรัม"
226,"พุทราซุปเปอร์ – เบอร์ใหญ่","40-45",""
227,"ฝรั่งกิมจู – เบอร์ใหญ่","58-62","กิโลกรัม"
228,"ฝรั่งแป้นสีทอง ขนาดเล็ก","28-30","กิโลกรัม"
229,"ฝรั่งแป้นสีทอง – เบอร์กลาง","30-35","กิโลกรัม"
230,"ฝรั่งแป้นสีทอง – เบอร์ใหญ่","58-60","กิโลกรัม"
231,"ฝรั่งกิมจู – เบอร์เล็ก","35-40","กิโลกรัม"
232,"พุทราซุปเปอร์ – เบอร์เล็ก","25-28",""
233,"น้อยหน่า เบอร์กลาง","70-70",""
234,"น้อยหน่า เบอร์ใหญ่","80-80",""
235,"น้อยหน่า เบอร์เล็ก","55-55",""
236,"แอปเปิลวอชิงตัน เบอร์ 150","1210-1340","กล่อง"
237,"แอปเปิลเอนวี่ เบอร์ 24","1360-1950","กล่อง"
238,"หยางเหมย (2 กก.)","970-1160","ตะกร้า"
239,"แอปเปิลโรส เบอร์ 64","2100-2400","กล่อง"
240,"แอปเปิลแจ๊ส เบอร์ 113","1470-1870","กล่อง"
241,"แอปเปิ้ลกาล่า จีน – กล่อง 163 – 180 ลูก","470-890","กล่อง"
242,"ขนุนมาเลย์ เบอร์กลาง","25-25",""
243,"ขนุนมาเลย์ เบอร์เล็ก","20-20",""
244,"ขนุนมาเลย์ เบอร์ใหญ่","30-30","กิโลกรัม"
245,"ขนุนเพชรราชา เบอร์ใหญ่","40-40",""
246,"เชอร์รี่นอก สีทอง (ชิลี)","1730-2550","กล่อง"
247,"แอปเปิ้ลเขียว อเมริกา – กล่อง 198 ลูก","1570-1780","กล่อง"
248,"มะขามเปียกแกะเม็ด (มีก้าน)","70-80","กิโลกรัม"
249,"แอปเปิลแจ๊ส เบอร์ 90","970-1180","กล่อง"
250,"แตงทิเบต (ฮามิกัว) ขนาดใหญ่","420-560","กล่อง"
251,"เชอร์รี่ ชิลี – กล่อง 1 – 5 กก.","2300-3500","กล่อง"
252,"แอปเปิลวอชิงตัน เบอร์ 64","840-1050","กล่อง"
253,"แคนตาลูป","18-40",""
254,"บลูเบอร์รี่นอก (อเมริกา)","1740-2760","กล่อง"
255,"พีชจีน ผิวขน","410-640","กล่อง"
256,"ส้มซันคิสท์ (นิวซีแลนด์)","1210-1430","กล่อง"
257,"องุ่นไข่ปลานอก ไร้เมล็ด (อเมริกา)","1730-2210","ตะกร้า"
258,"แอปเปิลเอนวี่ เบอร์ 50","2400-2740","กล่อง"
259,"องุ่นดำนอก ไร้เมล็ด (จีน)","470-610","ตะกร้า"
260,"เมลอนไทย","15-45",""
261,"เมลอน พันธุ์ญี่ปุ่น เนื้อส้ม ขนาดกลาง","100-120","กิโลกรัม"
262,"เมลอน ขนาดเล็ก","20-25","กิโลกรัม"
263,"ลูกท้อ (จีน)","330-450","กล่อง"
264,"ลูกพลับ (อเมริกา) 14 ลูก/ลัง","1470-1750","กล่อง"
265,"ส้มซันคิสท์ (ออสเตรเลีย)","830-1150","กล่อง"
266,"ลูกพลับ (เกาหลี) เบอร์ M","370-380","กล่อง"
267,"แอปเปิลพิงค์เลดี้ เบอร์ 110","1050-1230","กล่อง"
268,"แอปเปิลวอชิงตัน เบอร์ 80","830-1180","กล่อง"
269,"แอปเปิลแจ๊ส เบอร์ 135","1270-1360","กล่อง"
270,"ทุเรียนหมอนทอง คละขนาด","80-90","กิโลกรัม"
271,"เมลอน พันธุ์ญี่ปุ่น เนื้อส้ม ขนาดเล็ก","110-135","กิโลกรัม"
272,"แอปเปิลเอนวี่ เบอร์ 70","1950-3100","กล่อง"
273,"แอปเปิลแจ๊ส เบอร์ 150","940-2200","กล่อง"
274,"องุ่นไข่ปลานอก ไร้เมล็ด (จีน)","180-200",""
275,"แอปเปิลพิงค์เลดี้ เบอร์ 100","1100-1250","กล่อง"
276,"กีวี สีเขียว (ออสเตรเลีย)","1150-1270","กล่อง"
277,"แอปเปิลวอชิงตัน เบอร์ 163","1150-1340","กล่อง"
278,"ทับทิมนอก (สเปน)","870-1150","กล่อง"
279,"อะโวคาโดนอก (นิวซีแลนด์) ","1100-1250","กล่อง"
280,"พีชจีน ผิวมัน","430-580","กล่อง"
281,"แอปเปิลวอชิงตัน เบอร์ 113","1420-1740","กล่อง"
282,"ลูกพลับ (เกาหลี) เบอร์ L","390-430","กล่อง"
283,"ลูกพลับ (ญี่ปุ่น) เบอร์ L","1760-2000","กล่อง"
284,"สาลี่เป็ด","430-630","กล่อง"
285,"ส้มแมนดาริน ออสเตรเลีย – กล่อง 70 -110 ลูก","970-1780","กล่อง"
286,"ทับทิมนอก (จีน)","380-650","กล่อง"
287,"สตรอว์เบอร์รี่ (อเมริกา)","1750-2340","กล่อง"
288,"องุ่นแดงนอก ไร้เมล็ด","550-1990","ตะกร้า"
289,"ส้มแมนดาริน (จีน)","710-1150","กล่อง"
290,"กล้วยหอมสุก (เข่ง 7 หวี) – เบอร์ใหญ่","300-400","เข่ง"
291,"กล้วยหอมสุก (เข่ง 7 หวี) – เบอร์กลาง","280-280","เข่ง"
292,"พลับ เกาหลี S","530-760","กล่อง"
293,"องุ่นแดงมีเมล็ด จีน – กล่อง 6 กก.","270-290",""
294,"องุ่นแดงมีเมล็ด จีน","250-260",""
295,"องุ่นแดงไร้เมล็ด อเมริกา","1500-1500",""
296,"แอปเปิลฉินก้วง เบอร์ 28","310-350","กล่อง"
297,"แอปเปิลฉินก้วง เบอร์ 24","260-290","กล่อง"
298,"ลูกแพร์นอก สีแดง (จีน)","380-640","กล่อง"
299,"ลูกแพร์นอก สีน้ำตาล (อเมริกา)","1950-2370","กล่อง"
300,"สตรอว์เบอร์รี่ (ญี่ปุ่น)","1900-2350","กล่อง"
301,"มะขามหวานสีทอง เบอร์ B","80-90","ตะกร้า"
302,"ลูกพลับ (นิวซีแลนด์) 12 ลูก/ลัง","1150-1360","กล่อง"
303,"องุ่นแดงไร้เมล็ด จีน","260-410","ตะกร้า"
304,"อะโวคาโดนอก (ออสเตรเลีย)","1130-1350","กล่อง"
305,"บลูเบอร์รี่นอก (เปรู)","1750-3050","กล่อง"
306,"แอปเปิลฉินก้วง คละขนาด","430-550","กล่อง"
307,"ลูกพลับแห้ง (เกาหลี)","650-750","กล่อง"
308,"องุ่นแดงไร้เมล็ด จีน – กล่อง 5 กก.","250-330","ตะกร้า"
309,"เมลอนทิเบต เนื้อส้ม","360-630","กล่อง"
310,"เชอร์รี่นอก สีแดง (ออสเตรเลีย)","1470-1730","กล่อง"
311,"ทับทิม อินเดีย – กล่อง 12 – 16 ลูก","450-650","กล่อง"
312,"ส้มสายน้ำผึ้ง – เบอร์ 4","28-30","กิโลกรัม"
313,"ส้มเขียวหวาน – เบอร์ 2","13-16","กิโลกรัม"
314,"ส้มเขียวหวาน – เบอร์ 3","12-13","กิโลกรัม"
315,"ลูกพลับ (นิวซีแลนด์) 16 ลูก/ลัง","1250-1400","กล่อง"
316,"สับปะรดหวาน (ศรีราชา) ขนาดเล็ก","17-20",""
317,"สตรอว์เบอร์รี่ เกาหลี – แพค 250 กรัม","730-1050","กล่อง"
318,"ลูกพลับ (อเมริกา) 16 ลูก/ลัง","1570-2340","กล่อง"
319,"ลูกแพร์นอก สีแดง (อเมริกา)","1830-3200","กล่อง"
320,"สาลี่หิมะ เบอร์ 16","450-640","กล่อง"
321,"ลูกพลับ (ญี่ปุ่น) เบอร์ 3L","1730-2350","กล่อง"
322,"ลูกแพร์นอก สีน้ำตาล (จีน)","450-710","กล่อง"
323,"ขนุนทองประเสริฐ – เบอร์กลาง","25-25",""
324,"ขนุนทองประเสริฐ เบอร์เล็ก","15-15",""
325,"ลูกแพร์นอก สีแดง (ออสเตรเลีย)","1350-1650","กล่อง"
326,"ขนุนเพชรราชา เบอร์เล็ก","15-15",""
327,"สับปะรดปัตตาเวีย ขนาดกลาง","20-25",""
328,"กล้วยหอมดิบ (เข่ง 7 หวี) – เบอร์ใหญ่","550-650","เข่ง"
329,"กล้วยหอมดิบ (เข่ง 7 หวี) – เบอร์กลาง","300-400","เข่ง"
330,"สับปะรดน้ำ(ศรีราชา) – เบอร์กลาง","28-28",""
331,"มะละกอฮอลแลนด์ ขนาดใหญ่","30-30","กิโลกรัม"
332,"เมล่อนไทย – เบอร์กลาง","30-40","กิโลกรัม"
333,"สาลี่หยก","450-650","กล่อง"
334,"ลูกพลับ (นิวซีแลนด์) 14 ลูก/ลัง","1150-1330","กล่อง"
335,"ลูกพลับ (จีน) เบอร์ XXL","380-510","กล่อง"
336,"สาลี่ฮ่องเต้","380-670","กล่อง"
337,"ลูกแพร์","1500-1600","กล่อง"
338,"ลูกแพร์นอก สีเขียว (อเมริกา)","2000-2370","กล่อง"
339,"ส้มจีน – กล่อง 8 กก.","350-530","ตะกร้า"
340,"น้อยหน่าเพชรปากช่อง ขนาดเล็ก","18-20",""
341,"มะพร้าวอ่อน (ถุง)","150-220","ถุง"
342,"มะขามหวานสีทอง เบอร์ C","85-85",""
343,"ส้มโอขาวน้ำผึ้ง ขนาดกลาง","40-50","กิโลกรัม"
344,"มะพร้าวเผา","10-22",""
345,"กล้วยน้ำว้า – เบอร์เล็ก","15-20","หวี"
346,"น้อยหน่าเพชรปากช่อง ขนาดกลาง","25-35",""
347,"กล้วยน้ำว้า – เบอร์ใหญ่","35-40","หวี"
348,"ขนุนทองประเสริฐ","25-30",""
349,"กล้วยน้ำว้า – เบอร์กลาง","25-30","หวี"
350,"แตงโมตอปิโด – เบอร์กลาง","70-80","ต่อชิ้น/ตัว/หัว/ลูก"
351,"แอปเปิลเอนวี่ คละขนาด","2250-3250","กล่อง"
352,"ลูกพลับ (จีน) เบอร์ XL","400-470","กล่อง"
353,"ส้มสายน้ำผึ้ง – เบอร์ 5","33-35","กิโลกรัม"
354,"ส้มสายน้ำผึ้ง – เบอร์ 6","38-40","กิโลกรัม"
355,"ส้มเขียวหวาน – เบอร์ 00","23-25","กิโลกรัม"
356,"ส้มเขียวหวาน – เบอร์ 0","18-20","กิโลกรัม"
357,"ส้มสายน้ำผึ้ง – เบอร์ 7","43-45","กิโลกรัม"
358,"ส้มเขียวหวาน – เบอร์ 1","14-16","กิโลกรัม"
359,"แตงโมตอปิโด คละขนาด","30-40",""
360,"องุ่นเขียวไร้เมล็ด จีน – กล่อง 10 กก.","540-930","ตะกร้า"
361,"กีวี ทอง จีน – กล่อง 22 ลูก","950-1150","กล่อง"
362,"กีวี สีเขียว (จีน)","930-1150","กล่อง"
363,"ลูกพลับ (จีน) เบอร์ L","350-470","กล่อง"
364,"ส้มซันคิสท์ (จีน)","870-1150","กล่อง"
365,"บลูเบอร์รี่นอก (ชิลี)","2250-2680","กล่อง"
366,"มะเฟือง – เบอร์ใหญ่","0-0",""
367,"ส้มเขียวหวาน เบอร์ 6","0-0","กิโลกรัม"
368,"ทุเรียนหมอนทอง ขนาดใหญ่","170-180",""
369,"มะพร้าวอ่อน / มะพร้าวน้ำหอม ขนาดเล็ก","150-150","ถุง"
370,"มะละกอฮอลแลนด์ ขนาดกลาง","25-25","กิโลกรัม"
371,"มะละกอแขกดำ","20-30","กิโลกรัม"
372,"แตงโมน้ำผึ้ง(เนื้อเหลือง) – เบอร์เล็ก","30-40","ต่อชิ้น/ตัว/หัว/ลูก"
373,"แตงโมซอนญ่า – เบอร์กลาง","60-90","ต่อชิ้น/ตัว/หัว/ลูก"
374,"ทุเรียนหมอนทอง – เบอร์ใหญ่","160-170","กิโลกรัม"
375,"แตงโมซอนญ่า คละขนาด","40-50","ต่อชิ้น/ตัว/หัว/ลูก"
376,"ส้มจีน ซาถัง","170-380","ตะกร้า"
377,"ส้มเช้ง เบอร์กลาง","0-0","กิโลกรัม"
378,"แตงโมทัมอัพ ขนาดใหญ่","20-30","กิโลกรัม"
379,"มะละกอฮอลแลนด์ ขนาดเล็ก","20-20","กิโลกรัม"
380,"มะม่วงน้ำดอกไม้ดิบ – เบอร์เล็ก","35-35","กิโลกรัม"
381,"สับปะรดภูแล(ผลสด-ปอกเปลือก)","70-70","กล่อง"
382,"มะพร้าวอ่อน / มะพร้าวน้ำหอม ขนาดจัมโบ้","220-220","ถุุง"
383,"สับปะรดปัตตาเวีย – เบอร์ใหญ่","30-35","ลููก"
384,"สับปะรดปัตตาเวีย – เบอร์เล็ก","10-18","ลููก"
385,"ทุเรียนหมอนทอง – เบอร์กลาง","150-160","กิโลกรัม"
386,"ทุเรียนหมอนทอง – เบอร์เล็ก","130-140","กิโลกรัม"
387,"ลำไยอีดอ – เบอร์เล็ก","25-25","กิโลกรัม"
388,"มะพร้าวเผา ขนาดกลาง","15-18","ลูก"
389,"น้อยหน่าเพชรปากช่อง – เบอร์ใหญ่","40-45","กิโลกรัม"
390,"ขนุนทองประเสริฐ เบอร์ใหญ่","30-30","กิโลกรัม"
391,"ขนุนเพชรราชา","30-30","กิโลกรัม"
392,"มะขามหวานสีทอง – เบอร์ A","125-125","กิโลกรัม"
393,"น้อยหน่า – เบอร์กลาง","45-45","กิโลกรัม"
394,"น้อยหน่า – เบอร์ใหญ่","60-65","กิโลกรัม"
395,"ขนุนมาเลย์","18-20","กิโลกรัม"
396,"เมล่อนไทย – เบอร์ใหญ่","55-60","กิโลกรัม"
397,"ส้มโอขาวพวง – เบอร์ใหญ่","0-0","ลูก"
398,"สละเนินวงศ์ – ช่อ","25-30","กิโลกรัม"
399,"แคนตาลูป – เบอร์เล็ก","0-0","กิโลกรัม"
400,"แอปเปิลแคระ ขนาดเล็ก","150-270","ตระกร้า"
401,"มะพร้าวอ่อน – เบอร์กลาง – ถุง (10) ลูก","180-180","ลููก"
402,"เมล่อนไทย – เบอร์เล็ก","20-25","กิโลกรัม"
403,"สับปะรดหวาน (ศรีราชา) ขนาดใหญ่","30-35","กิโลกรัม"
404,"มะพร้าวเผา ขนาดใหญ่","20-25","ลูก"
405,"องุ่นเขียวนอก ไร้เมล็ด (นิวซีแลนด์)","1240-1540","กล่อง"
406,"องุ่นเขียวนอก (จีน)","280-470","กล่อง"
407,"เชอร์รี่นอก สีแดง (แคนาดา)","2230-3800","กล่อง"
408,"สตรอว์เบอร์รี่ – พันธุ์ 80","140-220","กิโลกรัม"
409,"ละไม","10-15","กิโลกรัม"
410,"องุ่นเขียวไร้เมล็ด ออสเตรเลีย","1370-1430","กล่อง"
411,"องุ่นเขียวนอก ไร้เมล็ด (อินเดีย)","750-850","กล่อง"
412,"องุ่นเขียวนอก ไร้เมล็ด (เปรู)","1250-1500","กล่อง"
413,"องุ่นแดงนอก ไร้เมล็ด (ชิลี)","1300-1400","กล่อง"
414,"องุ่นแดงนอก (นิวซีแลนด์)","1350-1630","กล่อง"
415,"องุ่นแดงนอก (อเมริกา)","1560-1860","กล่อง"
416,"องุ่นไชมัสคัส (ญี่ปุ่น)","1740-2600","กล่อง"
417,"องุ่นไชมัสคัส (อเมริกา)","1740-2640","กล่อง"
418,"องุ่นเขียวนอก ไร้เมล็ด (ชิลี)","2370-3730","กล่อง"
419,"องุ่นเขียวนอก (นิวซีแลนด์)","1370-1750","กล่อง"
420,"องุ่นเขียวนอก (ออสเตรเลีย)","1340-1670","กล่อง"
421,"องุ่นแดงนอก (ออสเตรเลีย)","1450-1520","กล่อง"
422,"พลับ เกาหลี M","320-330","กล่อง"
423,"องุ่นดำนอก (อินเดีย)","1200-1350","กล่อง"
424,"องุ่นแดงนอก (เปรู)","1340-1860","กล่อง"
425,"สตรอว์เบอร์รี่ ออสเตรเลีย – แพค 250 กรัม","150-250","กล่อง"
426,"พลับแห้ง เกาหลี","650-700","กล่อง"
427,"พลับ เกาหลี 2 L","410-470","กล่อง"
428,"พลับ เกาหลี L","320-380","กล่อง"
429,"ทุเรียนก้านยาว – เบอร์ใหญ่","150-150","กิโลกรัม"
430,"ทุเรียนก้านยาว – เบอร์กลาง","100-120","กิโลกรัม"
431,"ทุเรียนก้านยาว – เบอร์เล็ก","70-80","กิโลกรัม"
432,"ทุเรียนชะนี – เบอร์กลาง","80-80","กิโลกรัม"
433,"ทุเรียนชะนี – เบอร์ใหญ่","90-100","กิโลกรัม"
434,"ทุเรียนชะนี – เบอร์เล็ก","70-70","กิโลกรัม"
435,"องุ่นเขียวนอก (อเมริกา)","2100-3000","กล่อง"
436,"องุ่นดำไร้เมล็ด อินเดีย","950-1250","กล่อง"
437,"องุ่นแดงนอก ไร้เมล็ด (เปรู)","970-1200","กล่อง"
438,"องุ่นเขียวนอก (ชิลี)","2300-3700","กล่อง"
439,"แอปปริคอท","0-0","กล่อง"
440,"กล้วยหอมห่าม (เข่ง 7 หวี)– เบอร์ใหญ่","550-750","เข่่ง"
441,"กล้วยหอมห่าม (เข่ง 7 หวี)– เบอร์กลาง","310-480","เข่่ง"
442,"องุ่นดำไร้เมล็ด ออสเตรเลีย","970-1450","กล่อง"
443,"กระท้อนปุยฝ้าย – เบอร์กลาง","45-50","กิโลกรัม"
444,"องุ่นดำไร้เมล็ด อเมริกา","2500-2600","กล่อง"
445,"ทุเรียนกระดุม – เบอร์กลาง","85-85","กิโลกรัม"
446,"กระท้อนอีล่า – เบอร์ใหญ่","50-55","กิโลกรัม"
447,"องุ่นดำนอก (ออสเตรเลีย)","1500-2800","กล่อง"
448,"ราสเบอร์รี่ กล่อง","0-0","กล่อง"
449,"องุ่นเขียวไร้เมล็ด จีน – กล่อง 6 กก.","340-350","ตะกร้า"
450,"มะขามเปียกมีเม็ด","50-60","กิโลกรัม"
451,"องุ่นแดงนอก ไร้เมล็ด (นิวซีแลนด์)","1530-1780","กล่อง"
452,"ราสเบอร์รี่ แพ็ค","0-0","แพ็ค"
453,"องุ่นดำนอก (เปรู)","1020-1460","กล่อง"
454,"แอปเปิ้ลเขียว จีน – กล่อง110 -120 ลูก","520-520","กล่อง"
455,"สาลี่หยก จีน – กล่อง 16 – 32 ลูก","630-740","กล่อง"
456,"องุ่นดำนอก ไร้เมล็ด (เปรู)","850-1100","กล่อง"
457,"ลูกแพร์แดง อเมริกา กล่อง 14-24 ลูก","0-0","กล่อง"
458,"ลูกแพร์แดง จีน กล่อง 12-24 ลูก","250-550","กล่อง"
459,"พลับ นิวซีแลนด์ กล่อง 18 ลูก","1300-1350","กล่อง"
460,"พลับ นิวชีแลนด์ กล่อง 12 ลูก","0-0","กล่อง"
461,"พลับ ญี่ปุ่น เบอร์ 2L","260-260","กล่อง"
462,"พลับ อเมริกา กล่อง 10 ลูก","0-0","กล่อง"
463,"พลับ อเมริกา กล่อง 12 ลูก","0-0","กล่อง"
464,"มันแกว – เบอร์ใหญ่","0-0","กิโลกรัม"
465,"พลับ ญี่ปุ่น เบอร์ 3L","0-0","กล่อง"
466,"พลับ (ไทย) – เบอร์ A เล็ก","0-0","กิโลกรัม"
467,"พลับ นิวซีแลนด์ กล่อง 14 ลูก","1410-1450","กล่อง"
468,"พลับ นิวซีแลนด์ กล่อง 16 ลูก","1060-1100","กล่อง"
469,"พลับ จีน กล่อง 10 กก","350-450","กล่อง"
470,"พลับ จีน เบอร์ XL","280-330","กล่อง"
471,"พลับ จีน เบอร์ L","380-400","กล่อง"
472,"พลับ จีน กล่อง 14 กก.","0-0","กล่อง"
473,"พลับ (ไทย) – เบอร์ AAA ใหญ่","0-0","กิโลกรัม"
474,"พลับ (ไทย) – เบอร์ AA กลาง","0-0","กิโลกรัม"
475,"พลับ อเมริกา กล่อง 14 ลูก","0-0","กล่อง"
476,"พลับ อเมริกา กล่อง 16ลูก","0-0","กล่อง"
477,"พลับ จีน เบอร์ XXL","230-260","กล่อง"
478,"พลับ ญี่ปุ่น เบอร์ L","0-0","กล่อง"
479,"พลับ จีน กล่อง 17 กก.","0-0","กล่อง"
480,"กีวี ฝรั่งเศส – กล่อง 33 ลูก","1150-1300","กล่อง"
481,"กีวี ออสเตรเลีย – กล่อง 5 -10 กก.","0-0","กล่อง"
482,"มะปรางหวาน – เบอร์ใหญ่","0-0","กิโลกรัม"
483,"มะปรางหวาน – เบอร์กลาง","0-0","กิโลกรัม"
484,"ลูกไหนแดง นิวซีแลนด์","0-0","กล่อง"
485,"กีวี อิตาลี","0-0","กล่อง"
486,"สาลี่หิมะ เกาหลี – กล่อง 16 – 24 ลูก","900-1000","กล่อง"
487,"สาลี่หิมะ จีน – กล่อง 14 – 32 ลูก","400-480","กล่อง"
488,"ลูกไหนดำ ออสเตรเลีย","950-1000","กล่อง"
489,"ลูกไหนแดง อเมริกา","1750-2230","กล่อง"
490,"ลูกไหนแดง ออสเตรเลีย","0-0","กล่อง"
491,"ลูกไหนดำ นิวซีแลนด์","0-0","กล่อง"
492,"มันไข่ – เบอร์เล็ก","0-0","กิโลกรัม"
493,"ลูกไหนดำ อเมริกา","0-0","กล่อง"
494,"ลูกไหนดำ จีน","0-0","ตระกร้า"
495,"สาลี่หิมะ ญี่ปุ่น กล่อง 16 ลูก","1250-1550","กล่อง"
496,"สาลี่มงกุฏ จีน – กล่อง 20 – 45 ลูก","550-780","กล่อง"
497,"สาลี่เป็ด จีน – กล่อง 80 – 96 ลูก","420-440","กล่อง"
498,"สาลี่ ญี่ปุ่น – กล่อง18 -32 ลูก","280-660","กล่อง"
499,"ส้มโอขาวแป้น – เบอร์ใหญ่","0-0","ลูก"
500,"ส้มโอขาวแป้น – เบอร์เล็ก","0-0","ลูก"
501,"ส้มโอขาวน้ำผึ้ง – เบอร์เล็ก","20-30","ลูก"
502,"ส้มโอขาวน้ำผึ้ง – เบอร์กลาง","50-50","ลูก"
503,"ส้มโอขาวใหญ่ – เบอร์ใหญ่","70-70","ลูก"
504,"ส้มโอขาวแตงกวา – เบอร์เล็ก","0-0","ลูก"
505,"ส้มโอขาวใหญ่ – เบอร์เล็ก","0-0","ลูก"
506,"ส้มโอขาวแป้น – เบอร์กลาง","0-0","ลูก"
507,"ส้มโอขาวพวง – เบอร์กลาง","0-0","ลูก"
508,"ส้มโอขาวแตงกวา – เบอร์ใหญ่","0-0","ลูก"
509,"ทับทิมไร้เมล็ด สเปน – กล่อง14 – 15 ลูก (8 กก.)","330-400","กล่อง"
510,"ส้มโอทองดี – เบอร์ใหญ่","50-50","ลูก"
511,"ทับทิมเนื้อชมพู จีน 8A – กล่อง 13 กก","370-640","กล่อง"
512,"ทับทิมอิสราเอล – กล่อง 8 ลูก","0-0","กล่อง"
513,"ส้มโอขาวพวง – เบอร์เล็ก","0-0","ลูก"
514,"ส้มโอทองดี – เบอร์เล็ก","0-0","ลูก"
515,"มะกอกน้ำ (คละ)","0-0","กิโลกรัม"
516,"ทับทิมไร้เมล็ด สเปน – กล่อง12 ลูก","670-1250","กล่อง"
517,"ทับทิมเนื้อชมพู จีน 8 A – 9 A – กล่อง 10 – 14 กก","370-670","กล่อง"
518,"ทับทิมน้ำผึ้ง จีน 8 A – 9 A – กล่อง 10 – 14 กก.","190-370","กล่อง"
519,"ทับทิมเนื้อแดง จีน 8 A – 9 A – กล่อง 12 – 14 ก","450-750","กล่อง"
520,"ทับทิมเนื้อแดง จีน 6 A – 7 A – กล่อง 10 -15 กก.","490-690","กล่อง"
521,"ทับทิมน้ำผึ้ง จีน 6 A – 7 A – กล่อง 13 – 15 กก.","490-690","กล่อง"
522,"ทับทิมไร้เมล็ด สเปน – กล่อง10 ลูก","0-0","กล่อง"
523,"ทับทิมน้ำผึ้ง จีน 2 A – 3 A – กล่อง 15 กก.","0-0","กล่อง"
524,"ทับทิมไร้เมล็ด สเปน – กล่อง 8 ลูก (4.5 กก.)","0-0","กล่อง"
525,"ทับทิมไร้เมล็ด สเปน – กล่อง20 ลูก (10 กก.)","0-0","กล่อง"
526,"ทับทิมเนื้อชมพู จีน 6 A – 7 A – กล่อง 10 – 15 กก.","470-560","กล่อง"
527,"ทับทิมไร้เมล็ด สเปน – กล่อง24 ลูก","0-0","กล่อง"
528,"ทับทิมเนื้อชมพู จีน 2 A – 3 A – กล่อง 10 – 15 กก.","0-0","กล่อง"
529,"ทับทิมเนื้อชมพู จีน 4 A – 5 A – กล่อง 10 – 15 กก.","0-0","กล่อง"
530,"ทับทิมน้ำผึ้ง จีน 4 A – 5 A – กล่อง 15 กก.","0-0","กล่อง"
531,"ทับทิมเนื้อชมพู จีน 9A – กล่อง 13 กก.","0-0","กล่อง"
532,"อินทผลัม อิสราเอล – กล่อง 250 กรัม.","170-250","กล่อง"
533,"มะพร้าวเผา – เบอร์เล็ก","0-0","ลูก"
534,"ละมุดมาเลย์ – เบอร์กลาง","23-25","กิโลกรัม"
535,"ละมุดหวานกรอบ – เบอร์ใหญ่","0-0","กิโลกรัม"
536,"อินทผลัม อิสราเอล – กล่อง 5 กก.","0-0","กล่อง"
537,"อินทผลัม อียิปต์ – กล่อง 5 กก.","0-0","กิโลกรัม"
538,"ละมุดหวานสุก – เบอร์ใหญ่","0-0","กิโลกรัม"
539,"ละมุดหวานกรอบ – เบอร์กลาง","13-15","กิโลกรัม"
540,"แห้วต้มไม่ปอกเปลือก","50-50","กิโลกรัม"
541,"ละมุดหวานกรอบ – เบอร์เล็ก","0-0","กิโลกรัม"
542,"ละมุดหวานสุก – เบอร์เล็ก","0-0","กิโลกรัม"
543,"ละมุดหวานสุก – เบอร์กลาง","0-0","กิโลกรัม"
544,"ละมุดมาเลย์ – เบอร์ใหญ่","0-0","กิโลกรัม"
545,"ละมุดมาเลย์ – เบอร์เล็ก","0-0","กิโลกรัม"
546,"แห้วดิบ","40-50","กิโลกรัม"
547,"แอปเปิ้ลกาล่า อเมริกา – กล่อง125 – 150 ลูก","1260-1360","กล่อง"
548,"แอปเปิ้ลเขียว นิวซีแลนด์ – กล่อง 136 -150 ลูก","0-0","กล่อง"
549,"แอปเปิ้ลเขียว นิวซีแลนด์ – กล่อง 90 ลูก","0-0","กล่อง"
550,"แอปเปิ้ลวอชิงตัน จีน – กล่อง175 ลูก","0-0","กล่อง"
551,"แอปเปิ้ลเขียว จีน – กล่อง 63 – 88 ลูก","0-0","กล่อง"
552,"แอปเปิ้ลทอง อเมริกา – กล่อง 100 ลูก","0-0","กล่อง"
553,"แอปเปิ้ลฟูจิยักษ์ ญี่ปุ่น – กล่อง 18 ลูก","1250-1670","กล่อง"
554,"แอปเปิ้ลเขียว นิวซีแลนด์ – กล่อง 120 ลูก","1250-2330","กล่อง"
555,"แอปเปิ้ลกาล่า เซาท์แอฟริกา – กล่อง198 – 216 ลูก","0-0","กล่อง"
556,"แอปเปิ้ลกาล่า จีน – กล่อง 100 – 125 ลูก","520-590","กล่อง"
557,"แอปเปิ้ลกาล่า อเมริกา – กล่อง198 – 216 ลูก","0-0","กล่อง"
558,"แอปเปิ้ลกาล่า จีน – กล่อง 198 – 216 ลูก","0-0","กล่อง"
559,"แอปเปิ้ลกาล่า จีน – กล่อง 88 ลูก","0-0","กล่อง"
560,"แอปเปิ้ลฟูจิยักษ์ ญี่ปุ่น","0-0","กล่อง"
561,"แอปเปิ้ลกาล่า นิวซีแลนด์ – กล่อง163 -180 ลูก","950-1180","กล่อง"
562,"แอปเปิ้ลวอชิงตัน อเมริกา – กล่อง 72 ลูก","0-0","กล่อง"
563,"แอปเปิ้ลกาล่า อเมริกา – กล่อง163 – 180 ลูก","0-0","กล่อง"
564,"แอปเปิ้ลแจ๊ส – กล่อง 135 ลูก","1160-1200","กล่อง"
565,"แอปเปิ้ลแจ๊ส – กล่อง 90 ลูก","0-0","กล่อง"
566,"แอปเปิ้ลฟูจิ นิวซีแลนด์ – กล่อง 110 ลูก","1250-1300","กล่อง"
567,"แอปเปิ้ลฟูจิ เซาท์แอฟริกา – กล่อง 175 – 180 ลูก","0-0","กล่อง"
568,"แอปเปิ้ลวอชิงตัน จีน – กล่อง125 ลูก","490-510","กล่อง"
569,"แอปเปิ้ลวอชิงตัน จีน – กล่อง150 ลูก","520-520","กล่อง"
570,"แอปเปิ้ลวอชิงตัน อเมริกา – กล่อง 216 ลูก","0-0","กล่อง"
571,"แอปเปิ้ลกาล่า ฝรั่งเศส – กล่อง198 – 216 ลูก","0-0","กล่อง"
572,"แอปเปิ้ลวอชิงตัน อเมริกา – กล่อง 80 ลูก","0-0","กล่อง"
573,"แอปเปิ้ลเขียว อเมริกา – กล่อง 110 ลูก","0-0","กล่อง"
574,"แอปเปิ้ลกาล่า ฝรั่งเศส – กล่อง163 – 180 ลูก","0-0","กล่อง"
575,"แอปเปิ้ลฟูจิ เซาท์แอฟริกา – กล่อง 90 ลูก","0-0","กล่อง"
576,"แอปเปิ้ลเขียว ฝรั่งเศส – กล่อง113 ลูก","0-0","กล่อง"
577,"แอปเปิ้ลทอง อเมริกา – กล่อง 125 ลูก","0-0","กล่อง"
578,"แอปเปิ้ลกาล่า ชิลี – กล่อง 198 ลูก","0-0","กล่อง"
579,"แอปเปิ้ลกาล่า จีน – กล่อง 72 ลูก","0-0","กล่อง"
580,"แอปเปิ้ลกาล่า นิวซีแลนด์ – กล่อง198 – 216 ลูก","1100-1150","กล่อง"
581,"แอปเปิ้ลวอชิงตัน อเมริกา – กล่อง125 ลูก","1300-1450","กล่อง"
582,"แอปเปิ้ลกาล่า อเมริกา – กล่อง100 – 120 ลูก","1350-1850","กล่อง"
583,"แอปเปิ้ลฟูจิ เซาท์แอฟริกา – กล่อง 30 – 36 ลูก","0-0","กล่อง"
584,"แอปเปิ้ลฟูจิ จีน – กล่อง100 -125 ลูก","590-720","กล่อง"
585,"แอปเปิ้ลฟูจิ นิวซีแลนด์ – กล่อง 120 ลูก","1250-1350","กล่อง"
586,"แอปเปิ้ลวอชิงตัน จีน – กล่อง163 ลูก","0-0","กล่อง"
587,"แอปเปิ้ลแจ๊ส – กล่อง 120 ลูก","1360-1400","กล่อง"
588,"แอปเปิ้ลฟูจิ จีน – กล่อง175 -180 ลูก","0-0","กล่อง"
589,"แอปเปิ้ลฟูจิ เซาท์แอฟริกา – กล่อง 24 – 28 ลูก","0-0","กล่อง"
590,"แอปเปิ้ลวอชิงตัน จีน – กล่อง113 ลูก","0-0","กล่อง"
591,"แอปเปิ้ลทอง จีน – กล่อง 113 ลูก","570-780","กล่อง"
592,"แอปเปิ้ลเขียว จีน – กล่อง163 ลูก","0-0","กล่อง"
593,"แอปเปิ้ลกาล่า เซาท์แอฟริกา – กล่อง100 -120 ลูก","0-0","กล่อง"
594,"แอปเปิ้ลกาล่า เซาท์แอฟริกา – กล่อง163 -180 ลูก","0-0","กล่อง"
595,"แอปเปิ้ลกาล่า ฝรั่งเศส – กล่อง125 – 150 ลูก","0-0","กล่อง"
596,"แอปเปิ้ลฟูจิ เซาท์แอฟริกา – กล่อง 80 ลูก","0-0","กล่อง"
597,"แอปเปิ้ลเขียว ฝรั่งเศส – กล่อง198 ลูก","0-0","กล่อง"
598,"แอปเปิ้ลเขียว อเมริกา – กล่อง 80 ลูก","0-0","กล่อง"
599,"แอปเปิ้ลแจ๊ส – กล่อง 150 ลูก","0-0","กล่อง"
600,"แอปเปิ้ลแจ๊ส – กล่อง 165 ลูก","0-0","กล่อง"
601,"แอปเปิ้ลกาล่า นิวซีแลนด์ – กล่อง100 -120 ลูก","1150-1270","กล่อง"
602,"แอปเปิ้ลวอชิงตัน อเมริกา – กล่อง 64 ลูก","0-0","กล่อง"
603,"แอปเปิ้ลกาล่า ชิลี – กล่อง 175 ลูก","0-0","กล่อง"
604,"แอปเปิ้ลกาล่า นิวซีแลนด์ – กล่อง125 -150 ลูก","1100-1180","กล่อง"
605,"แอปเปิ้ลวอชิงตัน อเมริกา – กล่อง138 ลูก","1350-1400","กล่อง"
606,"แอปเปิ้ลกาล่า เซาท์แอฟริกา – กล่อง125 -150 ลูก","0-0","กล่อง"
607,"แอปเปิ้ลฟูจิ เซาท์แอฟริกา – กล่อง 72 – 88 ลูก","0-0","กล่อง"
608,"แอปเปิ้ลกาล่า ฝรั่งเศส – กล่อง100 – 120 ลูก","0-0","กล่อง"
609,"แอปเปิ้ลกาล่า ชิลี – กล่อง 113 ลูก","0-0","กล่อง"
610,"แอปเปิ้ลเอ็นวี่ นิวซีแลนด์ – กล่อง 70 ลูก","2150-2650","กล่อง"
611,"แอปเปิ้ลฟูจิ เซาท์แอฟริกา – กล่อง 138 – 163 ลูก","0-0","กล่อง"
612,"แอปเปิ้ลแจ๊ส – กล่อง 110 ลูก","0-0","กล่อง"
613,"แอปเปิ้ลฟูจิ เซาท์แอฟริกา – กล่อง 100 – 125 ลูก","1230-1970","กล่อง"
614,"แอปเปิ้ลเขียว นิวซีแลนด์ – กล่อง 80 ลูก","0-0","กล่อง"
615,"แอปเปิ้ลเขียว ฝรั่งเศส – กล่อง80 ลูก","0-0","กล่อง"
616,"แอปเปิ้ลวอชิงตัน จีน – กล่อง 80 ลูก","0-0","กล่อง"
617,"แอปเปิ้ลทอง อเมริกา – กล่อง 138 ลูก","0-0","กล่อง"
618,"สตรอว์เบอร์รี่ อเมริกา – แพค 250 กรัม","280-460","กล่อง"
619,"แอปเปิ้ลเขียว ฝรั่งเศส – กล่อง110 ลูก","0-0","กล่อง"
620,"แอปเปิ้ลฟูจิ จีน – กล่อง138 -163 ลูก","0-0","กล่อง"
621,"สตรอว์เบอร์รี่ – เบอร์เล็ก","0-0","กิโลกรัม"
622,"น้อยหน่าเพชรปากช่อง – เบอร์เล็ก","25-25","กิโลกรัม"
623,"น้อยหน่าเพชรปากช่อง – เบอร์กลาง","38-38","กิโลกรัม"
624,"น้อยหน่า – เบอร์เล็ก","25-25","กิโลกรัม"
625,"สตรอว์เบอร์รี่ – เบอร์กลาง","0-0","กิโลกรัม"
626,"สละสุมาลี-ยอด","48-50","กิโลกรัม"
627,"สละเนินวงศ์ – รวม","0-0","กิโลกรัม"
628,"สตรอว์เบอร์รี่ – เบอร์ใหญ่","0-0","กิโลกรัม"
629,"ลองกองแห้ง(ตันหยงมัส) – เบอร์กลาง","0-0","กิโลกรัม"
630,"ลองกองแห้ง(ตันหยงมัส) – เบอร์เล็ก","0-0","กิโลกรัม"
631,"ส้มแมนดาริน จีน – กล่อง 5 กก.","0-0","ตระกร้า"
632,"ลำไยกระโหลก -เบอร์เล็ก","0-0","กิโลกรัม"
633,"ส้มแมนดารินจิ๋ว บราซิล กล่อง 10 -15 กก.","0-0","กล่อง"
634,"ส้มแมนดาริน จีน – กล่อง 18 กก.","548-780","กล่อง"
635,"ส้มแมนดาริน จีน – กล่อง 10 กก.","540-750","กล่อง"
636,"ส้มเมอร์คอท – กล่อง 48 -72 ลูก","600-870","กิโลกรัม"
637,"ส้มแมนดาริน จีน – กล่อง 48-58 ลูก","0-0","กล่อง"
638,"ส้มจีน – กล่อง 8.5 กก.","430-580","ตะกร้า"
639,"ส้มจีน – กล่อง 10 กก.","650-750","ตะกร้า"
640,"ส้มเช้งจีน","0-0","ตะกร้า"
641,"แก้วมังกรเนื้อขาว ไทย – เบอร์กลาง","0-0","กิโลกรัม"
642,"แก้วมังกรเนื้อขาว ไทย – เบอร์เล็ก","0-0","กิโลกรัม"
643,"แก้วมังกรเนื้อแดง ไทย – เบอร์เล็ก","0-0","กิโลกรัม"
644,"มะไฟเหรียญทอง – เบอร์เล็ก","0-0","กิโลกรัม"
645,"มะไฟเหรียญทอง – เบอร์ใหญ่","0-0","กิโลกรัม"
646,"องุ่นแดงนอก (ชิลี)","0-0","กล่อง"
647,"แคนตาลูป – เบอร์ใหญ่(ย้ายไปลานฤดูกาล)","0-0","กิโลกรัม"
648,"มะขามหวานประกายทอง – เบอร์ C","55-55","กิโลกรัม"
649,"มะขามเทศสีชมพู – เบอร์ใหญ่","0-0","กิโลกรัม"
650,"มะขามเทศสีชมพู – เบอร์เล็ก","0-0","กิโลกรัม"
651,"มะไฟชมพู – เบอร์ใหญ่","0-0","กิโลกรัม"
652,"มะไฟชมพู – เบอร์กลาง","0-0","กิโลกรัม"
653,"มะไฟชมพู – เบอร์เล็ก","0-0","กิโลกรัม"
654,"แคนตาลูป – เบอร์กลาง","0-0","กิโลกรัม"
655,"เมลอน พันธุ์ไทย เนื้อเขียว ขนาดใหญ่","0-0","กิโลกรัม"
656,"มะขามหวานประกายทอง – เบอร์ B","70-70","กิโลกรัม"
657,"มะขามหวานสีชมพู – เบอร์ C","50-55","กิโลกรัม"
658,"มะขามหวานสีทอง – เบอร์ B","60-60","กิโลกรัม"
659,"มะขามหวานสีทอง – เบอร์ C","55-55","กิโลกรัม"
660,"มะขามเทศเกษตร – เบอร์ใหญ่","0-0","กิโลกรัม"
661,"มะขามเทศเกษตร – เบอร์เล็ก","0-0","กิโลกรัม"
662,"มะขามหวานขันตรี – เบอร์ B","0-0","กิโลกรัม"
663,"มะขามหวานอินทผาลัม – เบอร์ A","0-0","กิโลกรัม"
664,"มะขามหวานขันตรี – เบอร์ A","0-0","กิโลกรัม"
665,"มะขามหวานสีชมพู – เบอร์ B","55-60","กิโลกรัม"
666,"มะขามเทศเกษตร – เบอร์กลาง","0-0","กิโลกรัม"
667,"มะขามหวานอินทผาลัม – เบอร์ B","0-0","กิโลกรัม"
668,"มะขามหวานอินทผาลัม – เบอร์ C","0-0","กิโลกรัม"
669,"มะขามหวานประกายทอง – เบอร์ A","80-80","กิโลกรัม"
670,"มะขามหวานขันตรี – เบอร์ C","0-0","กิโลกรัม"
671,"องุ่นแดงนอก ไร้เมล็ด (อินเดีย)","750-990","กล่อง"
672,"องุ่นเขียวนอก (เปรู)","0-0","กล่อง"
673,"องุ่นดำนอก (อเมริกา)","0-0","กล่อง"
674,"สับปะรดน้ำ(ศรีราชา) – เบอร์เล็ก","0-0","กิโลกรัม"
675,"สับปะรดแกง (ศรีราชา) ตัดก้าน ตัดจุก ขนาดกลาง","0-0","กล่อง"
676,"องุ่นดำไร้เมล็ด นิวซีแลนด์","0-0","กล่อง"
677,"องุ่นเขียวนอก (อินเดีย)","470-730","กล่อง"
678,"องุ่นดำมีเมล็ด ชิลี","1750-3750","กล่อง"
679,"องุ่นดำไร้เมล็ด ชิลี","0-0","กล่อง"
680,"องุ่นดำนอก (นิวซีแลนด์)","0-0","กล่อง"
681,"องุ่นแดงนอก (อินเดีย)","0-0","กล่อง"
682,"สับปะรดปัตตาเวีย – เบอร์กลาง","18-22","ลูก"
683,"ลิ้นจี่จีน(นอก) – ใหญ่ 18 กก (9ตะกร้า*2กก)","0-0","ตะกร้า"
684,"กระท้อนอีล่า – เบอร์เล็ก","33-35","กิโลกรัม"
685,"กระท้อนปุยฝ้าย – เบอร์เล็ก","0-0","กิโลกรัม"
686,"ลิ้นจี่ฮงฮวย เบอร์ใหญ่","0-0","กิโลกรัม"
687,"ลิ้นจี่ฮงฮวย เบอร์กลาง","0-0","กิโลกรัม"
688,"ลิ้นจี่ค่อม เบอร์กลาง","0-0","กิโลกรัม"
689,"ลิ้นจี่ค่อม เบอร์เล็ก","0-0","กิโลกรัม"
690,"มะม่วงน้ำดอกไม้อ่อน – เบอร์เล็ก","8-8","กิโลกรัม"
691,"ลิ้นจี่จีน(นอก) – เล็ก 12กก (ุ6ตะกร้า*2กก)","0-0","ตะกร้า"
692,"มะม่วงมันเดือนเก้า – เบอร์เล็ก","0-0","กิโลกรัม"
693,"มะม่วงเพชรบ้านลาด – เบอร์เล็ก","0-0","กิโลกรัม"
694,"ลิ้นจี่ฮงฮวย เบอร์เล็ก","0-0","กิโลกรัม"
695,"มะม่วงแรด – เบอร์กลาง","0-0","กิโลกรัม"
696,"มะยงชิด – เบอร์กลาง","0-0","กิโลกรัม"
697,"มะยงชิด – เบอร์เล็ก","0-0","กิโลกรัม"
698,"ลิ้นจี่ค่อม เบอร์ใหญ่","0-0","กิโลกรัม"
699,"มะม่วงน้ำดอกไม้อ่อน – เบอร์กลาง","15-15","กิโลกรัม"
700,"มะม่วงฟ้าลั่นดิบ – เบอร์กลาง","15-18","กิโลกรัม"
701,"มะม่วงเขียวเสวย – เบอร์กลาง","25-30","กิโลกรัม"
702,"มะม่วงฟ้าลั่นดิบ – เบอร์เล็ก","0-0","กิโลกรัม"
703,"มะม่วงเขียวเสวย – เบอร์เล็ก","0-0","กิโลกรัม"
704,"มะม่วงน้ำดอกไม้สุก – เบอร์กลาง","23-25","กิโลกรัม"
705,"มะม่วงแก้วดิบ – เบอร์เล็ก","0-0","กิโลกรัม"
706,"มะม่วงจินหวง","18-30","กิโลกรัม"
707,"ลูกพรุน จีน","0-0","ตระกร้า"
708,"มะม่วงเขียวเสวย – เบอร์ใหญ่","36-38","กิโลกรัม"
709,"มะม่วงอกร่องดิบ – เบอร์เล็ก","10-15","กิโลกรัม"
710,"มะม่วงโชคอนันต์ดิบ – เบอร์เล็ก","0-0","กิโลกรัม"
711,"มะม่วงมันเดือนเก้า – เบอร์กลาง","0-0","กิโลกรัม"
712,"มะม่วงเพชรบ้านลาด – เบอร์ใหญ่","0-0","กิโลกรัม"
713,"มะม่วงเขียวเกษตร – เบอร์ใหญ่","0-0","กิโลกรัม"
714,"มะม่วงน้ำดอกไม้สุก – เบอร์ใหญ่","30-35","กิโลกรัม"
715,"มะม่วงแก้วดิบ – เบอร์กลาง","0-0","กิโลกรัม"
716,"มะม่วงแรด – เบอร์เล็ก","0-0","กิโลกรัม"
717,"มะม่วงน้ำดอกไม้อ่อน – เบอร์ใหญ่","22-25","กิโลกรัม"
718,"ฝรั่งไร้เมล็ด – เบอร์เล็ก","20-22","กิโลกรัม"
719,"มะม่วงเขียวมรกต – เบอร์เล็ก","0-0","กิโลกรัม"
720,"ฝรั่งแป้นสีทอง – เบอร์เล็ก","0-0","กิโลกรัม"
721,"ฝรั่งไร้เมล็ด – เบอร์กลาง","0-0","กิโลกรัม"
722,"ทับทิมอิสราเอล – กล่อง 7 ลูก","0-0","กล่อง"
723,"ทุเรียนกระดุม – เบอร์ใหญ่","115-130","กิโลกรัม"
724,"ทุเรียนกระดุม – เบอร์เล็ก","90-90","กิโลกรัม"
725,"ทับทิมเนื้อแดง จีน 2 A – 3 A – กล่อง 10 – 15 กก.","450-630","กล่อง"
726,"บลูเบอร์รี่นอก (นิวซีแลนด์)","1630-1780","กล่อง"
727,"แอปเปิลเอนวี่ เบอร์ 35","1410-1450","กล่อง"
728,"แตงทิเบต (ฮามิกัว) ขนาดกลาง","480-570","กล่อง"
729,"แอปเปิลวอชิงตัน เบอร์ 48","1140-1230","กล่อง"
730,"เชอร์รี่สีทอง","1250-2350","กล่อง"
731,"แตงทิเบต (ฮามิกัว) ขนาดเล็ก","370-430","กล่อง"
732,"เชอร์รี่นอก สีทอง (อเมริกา)","2370-3150","กล่อง"
733,"แอปเปิลฟูจิ คละขนาด","470-550","กล่อง"
734,"กีวี ทอง นิวซีแลนด์ – กล่อง 22 ลูก","1150-1300","กล่อง"
735,"ลูกพีช ออสเตรเลีย","1350-1810","กล่อง"
736,"แอปเปิลโรส คละขนาด","1430-1710","กล่อง"
737,"สาลี่หอม","370-550","กล่อง"
738,"อะโวคาโด นิวซีแลนด์ – กล่อง 28 ลูก","1100-1270","กล่อง"
739,"กีวี นิวซีแลนด์ – กล่อง 58- 117 ลูก","1300-1450","กล่อง"
740,"สาลี่ทอง จีน – กล่อง 16 – 48 ลูก","420-650","กล่อง"
741,"สาลี่น้ำผึ้ง จีน – กล่อง 24 – 54 ลูก","340-490","กล่อง"
742,"องุ่นเขียวนอก ไร้เมล็ด (อเมริกา)","1650-1850","กล่อง"
743,"แอปเปิลแคระ ขนาดกลาง","130-230","ตระกร้า"
744,"องุ่นดำนอก (จีน)","440-460","ตะกร้า"
745,"แอปเปิลเอนวี่ เบอร์ 30","1600-1600","กล่อง"
746,"แอปเปิ้ลเขียว อเมริกา – กล่อง 113 ลูก","1450-1580","กล่อง"
747,"สาลี่หิมะ ( เกาหลี )","450-1200","กิโลกรัม"
748,"สาลี่หิมะ ( จีน )","290-650","กล่อง"
749,"แตงโมคริมสัน ขนาดกลาง","50-70","กิโลกรัม"
750,"แตงโมคริมสัน ขนาดเล็ก","30-40","กิโลกรัม"
751,"แตงโมคริมสัน ขนาดใหญ่","100-130","กิโลกรัม"
752,"แตงโมตอปิโด ขนาดกลาง","70-80","กิโลกรัม"
753,"แตงโมเหลือง ขนาดใหญ่","100-140","กิโลกรัม"
754,"แอปเปิลแคระ ขนาดใหญ่","230-350","ตระกร้า"
755,"กีวี สีเขียว (ฝรั่งเศส)","1250-1450","กล่อง"
756,"แอปเปิลวอชิงตัน คละขนาด","1470-1650","กล่อง"
757,"แอปเปิลแกรนนี่สมิธ คละขนาด","1750-2230","กล่อง"
758,"แอปเปิลพิงค์เลดี้ คละขนาด","1350-1470","กล่อง"
759,"สาลี่หิมะ ( ญี่ปุ่น )","1250-1470","กล่อง"
760,"แอปเปิลกาล่า คละขนาด","1450-1610","กล่อง"
761,"แอปเปิลฉินก้วง เบอร์ 32","370-450","กล่อง"
762,"องุ่นแดงนอก (จีน)","450-650","ตะกร้า"
763,"แอปเปิ้ลฟูจิ จีน – กล่อง 30 – 36 ลูก","330-700","กล่อง"
764,"แตงโมตอปิโด ขนาดเล็ก","30-40","กิโลกรัม"
765,"แตงโมตอปิโด ขนาดใหญ่","100-120","กิโลกรัม"
766,"แตงโมทัมอัพ ขนาดใหญ่","100-120","กิโลกรัม"
767,"พุทรา จีน","290-480","กล่อง"
768,"องุ่นแดงนอก ไร้เมล็ด (อเมริกา)","1250-2350","กล่อง"
769,"แตงโมทัมอัพ ขนาดเล็ก","30-35","กิโลกรัม"
770,"แอปเปิ้ลวอชิงตัน อเมริกา – กล่อง 113 ลูก","1480-1560","กล่อง"
771,"แอปเปิ้ลเขียว จีน – กล่อง136 -150 ลูก","490-560","กล่อง"
772,"แอปเปิ้ลฟูจิ จีน – กล่อง 24 – 28 ลูก","330-750","กล่อง"
773,"แอปเปิ้ลฟูจิ จีน – กล่อง 72 – 88 ลูก","490-980","กล่อง"
774,"องุ่นไข่ปลา จีน – กล่อง 6.5 กก.","180-230","ตะกร้า"
775,"แอปเปิลวอชิงตัน เบอร์ 138","1320-1450","กล่อง"
776,"แอปเปิลวอชิงตัน เบอร์ 125","1400-1450","กล่อง"
777,"ลูกแพร์นอก สีน้ำตาล (ออสเตรเลีย)","1450-1560","กล่อง"
778,"แตงโมเหลือง ขนาดเล็ก","40-60","กิโลกรัม"
779,"องุ่นไชมัสคัส (จีน)","180-290","ตะกร้า"
780,"เมล่อนญี่ปุ่น","400-450","กล่อง"
781,"แตงโมเหลือง ขนาดกลาง","70-90","กิโลกรัม"
782,"แอปเปิ้ลแคระ จีน – กล่อง 10 ก.ก","130-290","ตะกร้า"
783,"แตงฮามิกัว จีน (แตงธิเบต)","290-420","กล่อง"
784,"เงาะโรงเรียน (พวง)","60-65","กิโลกรัม"
785,"มะม่วงน้ำดอกไม้สุก คละขนาด","18-38","กิโลกรัม"
786,"มะยงชิดทูลเกล้า ขนาดกลาง","0-0","กิโลกรัม"
787,"มะม่วงอกร่องดิบ – เบอร์กลาง","0-0","กิโลกรัม"
788,"มะไฟชมพู","0-0","กิโลกรัม"
789,"มะม่วงอกร่องดิบ – เบอร์ใหญ่","0-0","กิโลกรัม"
790,"มะม่วงแรด – เบอร์ใหญ่","0-0","กิโลกรัม"
791,"มะม่วงเพชรบ้านลาด – เบอร์กลาง","0-0","กิโลกรัม"
792,"มะม่วงแก้วดิบ – เบอร์ใหญ่","0-0","กิโลกรัม"
793,"มะไฟไข่เต่า","20-25","กิโลกรัม"
794,"มะม่วงโชคอนันต์ดิบ – เบอร์กลาง","25-28","กิโลกรัม"
795,"มะม่วงเขียวเกษตร – เบอร์กลาง","0-0","กิโลกรัม"
796,"มะม่วงโชคอนันต์ดิบ – เบอร์ใหญ่","30-35","กิโลกรัม"
797,"มะม่วงเขียวเกษตร ขนาดใหญ่","0-0","กิโลกรัม"
798,"มะม่วงมหาชนก","15-16","กิโลกรัม"
799,"มังคุดผิวลาย คละขนาด","28-30","กิโลกรัม"
800,"มะยงชิด – เบอร์ใหญ่","55-130","กิโลกรัม"
801,"ลิ้นจี่จักรพรรดิ์ เบอร์กลาง","70-80","กิโลกรัม"
802,"ลิ้นจี่จักรพรรดิ์ เบอร์ใหญ่","90-100","กิโลกรัม"
803,"ลำไยอีดอ – เบอร์กลาง","0-0","กิโลกรัม"
804,"กระท้อนอีล่า – เบอร์กลาง","40-45","กิโลกรัม"
805,"กระท้อนปุยฝ้าย – เบอร์ใหญ่","60-70","กิโลกรัม"
806,"กระท้อนทับทิม – เบอร์เล็ก","30-35","กิโลกรัม"
807,"กระท้อนทับทิม – เบอร์ใหญ่","50-55","กิโลกรัม"
808,"กระท้อนทับทิม คละขนาด","0-0","กิโลกรัม"
809,"มะขามเทศสีชมพู – เบอร์กลาง","55-75","กิโลกรัม"
810,"มะขามเทศสีชมพู ขนาดจัมโบ้","55-55","กิโลกรัม"
811,"มะขามเทศเกษตร","25-50","กิโลกรัม"
812,"มะไฟเหรียญทอง – เบอร์กลาง","26-26","กิโลกรัม"
813,"มะไฟไข่เต่า – เบอร์ใหญ่","0-0","กิโลกรัม"
814,"แก้วมังกรเนื้อแดง ไทย – เบอร์กลาง","33-35","กิโลกรัม"
815,"แก้วมังกร เนื้อแดง (เวียดนาม) ขนาดใหญ่","68-70","กิโลกรัม"
816,"แก้วมังกร เนื้อขาว (ไทย) คละขนาด","0-0","กิโลกรัม"
817,"แก้วมังกร เนื้อแดง (เวียดนาม) ขนาดเล็ก","58-60","กิโลกรัม"
818,"แก้วมังกร เนื้อแดง (ไทย) ขนาดเล็ก","0-0","กิโลกรัม"
819,"แก้วมังกร เนื้อแดง (ไทย) คละขนาด","0-0","กิโลกรัม"
820,"ลำไยสีชมพู ขนาดกลาง","0-0","กิโลกรัม"
821,"ลำไยกะโหลก คละขนาด","0-0","กิโลกรัม"
822,"ลำไยพวงทอง ขนาดเล็ก","30-35","กิโลกรัม"
823,"ลำไยพวงทอง ขนาดใหญ่","50-55","กิโลกรัม"
824,"ลำไยพวงทอง คละขนาด","0-0","กิโลกรัม"
825,"ลำไยสีชมพู คละขนาด","0-0","กิโลกรัม"
826,"ลำไยอีดอ คละขนาด","25-25","กิโลกรัม"
827,"ลำไยกระโหลก – เบอร์ใหญ่","0-0","กิโลกรัม"
828,"ลำไยสีชมพู ขนาดเล็ก","0-0","กิโลกรัม"
829,"ลำไยสีชมพู ขนาดใหญ่","0-0","กิโลกรัม"
830,"ลำไยพวงทอง ขนาดกลาง","40-45","กิโลกรัม"
831,"ลองกอง คละขนาด","30-35","กิโลกรัม"
832,"ลำไยกระโหลก – เบอร์กลาง","0-0","กิโลกรัม"
833,"สละเนินวง ช่อ ขนาดกลาง","0-0","กิโลกรัม"
834,"สละสุมาลี ช่อ ขนาดกลาง","0-0","กิโลกรัม"
835,"สละหม้อ ร่วง","0-0","กิโลกรัม"
836,"สตรอว์เบอร์รี่ พันธุ์ 329","0-0","กิโลกรัม"
837,"ระกำเปรี้ยว – เบอร์เล็ก","0-0","กิโลกรัม"
838,"ละมุดมาเลย์ เบอร์ใหญ่","60-65","กิโลกรัม"
839,"ส้มโอท่าข่อย ขนาดเล็ก","0-0","กิโลกรัม"
840,"ส้มโอขาวแป้น ขนาดกลาง","0-0","กิโลกรัม"
841,"ส้มโอขาวแป้น คละขนาด","0-0","กิโลกรัม"
842,"ส้มโอท่าข่อย คละขนาด","0-0","กิโลกรัม"
843,"ส้มโอขาวพวง ขนาดใหญ่","0-0","กิโลกรัม"
844,"ส้มโอขาวใหญ่ ขนาดเล็ก","25-25","กิโลกรัม"
845,"ส้มโอทับทิมสยาม คละขนาด","0-0","กิโลกรัม"
846,"ส้มโอท่าข่อย ขนาดใหญ่","0-0","กิโลกรัม"
847,"ส้มโอขาวพวง คละขนาด","0-0","กิโลกรัม"
848,"ส้มโอขาวแป้น ขนาดใหญ่","0-0","กิโลกรัม"
849,"ส้มโอขาวแป้น ขนาดเล็ก","0-0","กิโลกรัม"
850,"ส้มโอขาวน้ำผึ้ง คละขนาด","0-0","กิโลกรัม"
851,"ส้มโอขาวแตงกวา คละขนาด","0-0","กิโลกรัม"
852,"สละหม้อ ช่อ ขนาดใหญ่","0-0","กิโลกรัม"
853,"ส้มโอขาวหอม คละขนาด","0-0","กิโลกรัม"
854,"ส้มโอท่าข่อย ขนาดกลาง","0-0","กิโลกรัม"
855,"ส้มโอขาวใหญ่ คละขนาด","0-0","กิโลกรัม"
856,"ส้มโอทองดี คละขนาด","0-0","กิโลกรัม"
857,"สละหม้อ ช่อ ขนาดกลาง","0-0","กิโลกรัม"
858,"ลูกไหนดำ","190-210","กิโลกรัม"
859,"ลูกไหนแดง","25-35","กิโลกรัม"
860,"มะปรางหวาน","45-80","กิโลกรัม"
861,"มะพร้าวแก่ ขนาดจัมโบ้","0-0","ถุง"
862,"มะพร้าวแก่ ขนาดเล็ก","0-0","ถุง"
863,"มะพร้าวแก่ ขนาดใหญ่","0-0","ถุง"
864,"มะพร้าวแก่ คละขนาด","0-0","ถุง"
865,"มะม่วงโชคอนันต์ ขนาดเล็ก สุก","20-20","กิโลกรัม"
866,"มะม่วงเขียวมรกต – เบอร์กลาง","26-26","กิโลกรัม"
867,"มะม่วงเขียวมรกต – เบอร์ใหญ่","32-40","กิโลกรัม"
868,"มะม่วงมันเดือนเก้า – เบอร์ใหญ่","25-25","กิโลกรัม"
869,"ลูกพลับ (ไทย) เบอร์ AA","30-30","กิโลกรัม"
870,"ลูกพลับ (ไทย) เบอร์ A","20-25","กิโลกรัม"
871,"ลูกพลับ (ไทย) เบอร์ AAA","35-35","กิโลกรัม"
872,"แก้วมังกรเนื้อขาว เวียดนาม – เบอร์กลาง","26-28","กิโลกรัม"
873,"มะม่วงฟ้าลั่น ขนาดเล็ก","23-25","กิโลกรัม"
874,"แก้วมังกรเนื้อขาว เวียดนาม – เบอร์ใหญ่","30-32","กิโลกรัม"
875,"แก้วมังกรเนื้อขาว ไทย – เบอร์ใหญ่","36-38","กิโลกรัม"
876,"แก้วมังกร เนื้อขาว (เวียดนาม) ขนาดเล็ก","20-22","กิโลกรัม"
877,"ละมุด","16-26","กิโลกรัม"
878,"ส้มเช้ง เบอร์ใหญ่","0-0",""
879,"สละสุมาลี-ช่อ","50-55","กิโลกรัม"
880,"แก้วมังกรเนื้อแดง ไทย – เบอร์ใหญ่","45-50","กิโลกรัม"
881,"ส้มโอขาวใหญ่ ขนาดใหญ่","60-70","กิโลกรัม"
882,"มะม่วงเขียวเสวย ขนาดเล็ก สุก","25-35","กิโลกรัม"
883,"เงาะโรงเรียน (คละ)","18-22","กิโลกรัม"
884,"มะม่วงเขียวเสวย ขนาดกลาง สุก","50-60","กิโลกรัม"
885,"มะม่วงฟ้าลั่นดิบ – เบอร์ใหญ่","32-35","กิโลกรัม"
886,"มะม่วงฟ้าลั่น ขนาดกลาง","28-30","กิโลกรัม"
887,"สละสุมาลี-รวม","40-45","กิโลกรัม"
888,"มังคุดลาย – เบอร์เล็ก","12-12","กิโลกรัม"
889,"มะม่วงมันเดือนเก้า ขนาดเล็ก","12-15","กิโลกรัม"
890,"ส้มโอทองดี ขนาดใหญ่","35-40","กิโลกรัม"
891,"มังคุดมัน – เบอร์เล็ก","15-15","กิโลกรัม"
892,"มะม่วงแก้วขมิ้น ขนาดกลาง","15-16","กิโลกรัม"
893,"เงาะโรงเรียน (ใส่ลัง)","28-35","กิโลกรัม"
894,"มังคุดผิวมัน ขนาดใหญ่","32-32","กิโลกรัม"
895,"เงาะโรงเรียน ขนาดเล็ก","28-28","กิโลกรัม"
896,"ลองกองแห้ง(ตันหยงมัส) – เบอร์ใหญ่","38-38","กิโลกรัม"
897,"เงาะโรงเรียน ขนาดกลาง","30-30","กิโลกรัม"
898,"เซียนท้อ","26-38","กิโลกรัม"
899,"มะม่วงมันเดือนเก้า ขนาดกลาง","15-15","กิโลกรัม"
900,"เงาะสีทอง (ใส่ลัง)","28-35","กิโลกรัม"
901,"เงาะโรงเรียน ขนาดใหญ่","35-35","กิโลกรัม"
902,"มะม่วงน้ำดอกไม้สุก – เบอร์เล็ก","45-45","กิโลกรัม"
903,"มะม่วงน้ำดอกไม้ดิบ – เบอร์กลาง","50-50","กิโลกรัม"
904,"มะม่วงน้ำดอกไม้ดิบ – เบอร์ใหญ่","60-60","กิโลกรัม"
905,"อินทผลัม อินโดนีเซีย – กล่อง 5 กก.","460-680","กล่อง"
906,"สละเนินวง ช่อ ขนาดใหญ่","30-35","กิโลกรัม"
907,"สละเนินวง ร่วง","25-30","กิโลกรัม"
908,"มะม่วงแก้วขมิ้น ขนาดเล็ก","10-14","กิโลกรัม"
909,"มังคุดมัน – เบอร์ใหญ่","30-35","กิโลกรัม"
910,"ลองกอง – เบอร์กลาง","30-35","กิโลกรัม"
911,"ส้มโอขาวน้ำผึ้ง – เบอร์ใหญ่","60-70","ลูก"
912,"มังคุดลาย – เบอร์ใหญ่","18-20","กิโลกรัม"
913,"มะม่วงแก้วขมิ้น ขนาดใหญ่","16-18","กิโลกรัม"
914,"แก้วมังกร เนื้อขาว (ไทย) ขนาดเล็ก","18-22","กิโลกรัม"
915,"มังคุดลาย – เบอร์กลาง","15-17","กิโลกรัม"
916,"ลำไยอีดอ – เบอร์ใหญ่","55-55","กิโลกรัม"
917,"มะม่วงแก้วขมิ้น ขนาดจัมโบ้","18-18","กิโลกรัม"
918,"มังคุดมัน – เบอร์กลาง","20-22","กิโลกรัม"
919,"แก้วมังกร เนื้อขาว (ไทย) ขนาดกลาง","33-35","กิโลกรัม"
920,"บัวหิมะ (10กก.)","130-270","กิโลกรัม"
921,"มะม่วงเขียวเสวย ขนาดใหญ่ สุก","55-70","กิโลกรัม"
922,"ส้มโอทองดี ขนาดเล็ก","10-22","กิโลกรัม"
923,"ลำไยอีดอ เบอร์กลาง","30-30","กิโลกรัม"
924,"ลองกอง – เบอร์เล็ก","15-20","กิโลกรัม"
925,"ลำไยอีดอ เบอร์ใหญ่","40-45","กิโลกรัม"
926,"ลองกอง – เบอร์ใหญ่","40-45","กิโลกรัม"
927,"มะม่วงเขียวเสวยดิบ – เบอร์กลาง","40-40","กิโลกรัม"
928,"ส้มโอขาวน้ำผึ้ง ขนาดเล็ก","20-30","กิโลกรัม"
929,"ส้มโอขาวหอม - เบอร์เล็ก","0-0","ลููก"
930,"ส้มโอขาวพวง ขนาดกลาง","0-0","กิโลกรัม"
931,"มะละกอฮอลแลนด์","20-30","กิโลกรัม"
932,"มะม่วงเขียวเสวยดิบ – เบอร์ใหญ่","50-50","กิโลกรัม"
933,"มะม่วงแก้วขมิ้น","10-18","กิโลกรัม"
934,"ส้มเช้ง เบอร์เล็ก","0-0","กิโลกรัม"
935,"ส้มโอขาวใหญ่ – เบอร์กลาง","50-50","ลูก"
936,"ส้มโอทองดี – เบอร์กลาง","25-25","ลูก"
937,"ส้มโอทับทิมสยาม ขนาดกลาง","90-100","ลูก"
938,"ส้มโอทับทิมสยาม ขนาดเล็ก","75-80","ลูก"
939,"ส้มโอทับทิมสยาม ขนาดใหญ่","120-125","ลูก"
940,"ลูกไหนแดง จีน","350-630","ตระกร้า"
941,"ส้มโอขาวหอม ขนาดกลาง","0-0","ลูก"
942,"ส้มโอขาวหอม ขนาดใหญ่","0-0","ลูก"
943,"สละอินโด ช่อ ขนาดกลาง","850-1050","ตระกร้า"
944,"สละอินโด ช่อ ขนาดใหญ่","760-950","ตระกร้า"
945,"สละอินโด ร่วง","550-730","ตระกร้า"
946,"ลิ้นจี่จักรพรรดิ์ คละขนาด","0-0","กิโลกรัม"
947,"เงาะสีชมพู (คละ)","0-0","กิโลกรัม"
948,"มะขามป้อม","60-110","กิโลกรัม"
949,"มันญี่ปุ่น เนื้อสีเหลือง ขนาดกลาง","100-120","กิโลกรัม"
950,"มันญี่ปุ่น เนื้อสีม่วง คละขนาด","120-135","กิโลกรัม"
951,"มันญี่ปุ่น เนื้อสีเหลือง ขนาดเล็ก","95-120","กิโลกรัม"
952,"มันญี่ปุ่น เนื้อสีเหลือง ขนาดใหญ่","130-200","กิโลกรัม"
953,"มันญี่ปุ่น เนื้อสีม่วง ขนาดกลาง","110-140","กิโลกรัม"
954,"มันญี่ปุ่น เนื้อสีม่วง ขนาดเล็ก","100-120","กิโลกรัม"
955,"มันญี่ปุ่น เนื้อสีม่วง ขนาดใหญ่","100-132","กิโลกรัม"
956,"มะเขือยาว","38-40","กิโลกรัม"
957,"มะเฟือง","0-0","กิโลกรัม"
958,"เลม่อน","450-650","กิโลกรัม"
959,"อะโวคาโด","50-70","กิโลกรัม"
960,"เสาวรส","35-50","กิโลกรัม"